Mongla,Bagerhat ,বাগেরহাট
Bandarban ,Bandarban,বান্দরবান
Khagrachari,Bandarban,বান্দরবান
none,Barguna ,বরগুনা
Barisal Metro,Barisal,বরিশাল
Agailjhara,Barisal,বরিশাল
Wazirpur,Barisal,বরিশাল
none,Bhola ,ভোলা
Bogra Sadar,Bogra ,বগুড়া
Brahmanbaria Sadar,Brahmanbaria,ব্রাহ্মণবাড়ীয়া
Nabinagar,Brahmanbaria,ব্রাহ্মণবাড়ীয়া
Chadpur Sadar,Chadpur,চাঁদপুর
Faridganj,Chadpur,চাঁদপুর
Hajiganj,Chadpur,চাঁদপুর
Kachua,Chadpur,চাঁদপুর
Matlab,Chadpur,চাঁদপুর
Agrabad,Chittagong,চট্টগ্রাম
Anwara,Chittagong,চট্টগ্রাম
Bakalia,Chittagong,চট্টগ্রাম
Bayezid,Chittagong,চট্টগ্রাম
Bhatiari,Chittagong,চট্টগ্রাম
Boalkhali,Chittagong,চট্টগ্রাম
Chandgaon,Chittagong,চট্টগ্রাম
Chawkbazar,Chittagong,চট্টগ্রাম
CEPZ,Chittagong,চট্টগ্রাম
Fatikchari,Chittagong,চট্টগ্রাম
GEC Circle,Chittagong,চট্টগ্রাম
Halishahar,Chittagong,চট্টগ্রাম
Hathhazari,Chittagong,চট্টগ্রাম
Khulshi,Chittagong,চট্টগ্রাম
Kotwali,Chittagong,চট্টগ্রাম
Lohagora,Chittagong,চট্টগ্রাম
Mirsarai,Chittagong,চট্টগ্রাম
Mohora,Chittagong,চট্টগ্রাম
Muradpur,Chittagong,চট্টগ্রাম
New Market,Chittagong,চট্টগ্রাম
Pahartali,Chittagong,চট্টগ্রাম
Pachlaish,Chittagong,চট্টগ্রাম
Patenga,Chittagong,চট্টগ্রাম
Patiya,Chittagong,চট্টগ্রাম
Rangunia,Chittagong,চট্টগ্রাম
Raozan,Chittagong,চট্টগ্রাম
Salimpur,Chittagong,চট্টগ্রাম
Satkania,Chittagong,চট্টগ্রাম
Sitakunda,Chittagong,চট্টগ্রাম
none,Chuadanga ,চুয়াডাঙ্গা
Barura,Comilla,কুমিল্লা
Chandina,Comilla,কুমিল্লা
Chauddagram,Comilla,কুমিল্লা
Comilla Adarsha Sadar Upazilla,Comilla,কুমিল্লা
Debidwar,Comilla,কুমিল্লা
Homna,Comilla,কুমিল্লা
Laksam,Comilla,কুমিল্লা
Muradnagar,Comilla,কুমিল্লা
Nagalkot,Comilla,কুমিল্লা
Coxs Bazar Sadar,Coxs Bazar,কক্সবাজার
Chakaria,Coxs Bazar,কক্সবাজার
Kutubdia,Coxs Bazar,কক্সবাজার
Maheshkhali,Coxs Bazar,কক্সবাজার
Ramu,Coxs Bazar,কক্সবাজার
Teknaf,Coxs Bazar,কক্সবাজার
Ukhia,Coxs Bazar,কক্সবাজার
Agargaon,Dhaka,ঢাকা
Airport,Dhaka,ঢাকা
Ashulia,Dhaka,ঢাকা
Azimpur,Dhaka,ঢাকা
Badda,Dhaka,ঢাকা
Banani,Dhaka,ঢাকা
Banasree,Dhaka,ঢাকা
Baridhara,Dhaka,ঢাকা
Basabo,Dhaka,ঢাকা
Chalabon,Dhaka,ঢাকা
Chandra,Dhaka,ঢাকা
Demra,Dhaka,ঢাকা
Dhaka University,Dhaka,ঢাকা
Dhanmondi,Dhaka,ঢাকা
Farmgate,Dhaka,ঢাকা
Gulshan,Dhaka,ঢাকা
Hazaribagh,Dhaka,ঢাকা
Jatrabari,Dhaka,ঢাকা
Kafrul,Dhaka,ঢাকা
Kallayanpur,Dhaka,ঢাকা
Kamrangichar,Dhaka,ঢাকা
Keranigonj,Dhaka,ঢাকা
Lalmatia,Dhaka,ঢাকা
Mirpur,Dhaka,ঢাকা
Moghbazar,Dhaka,ঢাকা
Mohammadpur,Dhaka,ঢাকা
Motijheel,Dhaka,ঢাকা
Nawabgonj,Dhaka,ঢাকা
Nawabpur,Dhaka,ঢাকা
New Market,Dhaka,ঢাকা
Puran Dhaka,Dhaka,ঢাকা
Rampura,Dhaka,ঢাকা
Ruhitpur,Dhaka,ঢাকা
Rupganj,Dhaka,ঢাকা
Sadarghat,Dhaka,ঢাকা
Savar,Dhaka,ঢাকা
Shankar,Dhaka,ঢাকা
Sutrapur,Dhaka,ঢাকা
Tejgaon,Dhaka,ঢাকা
Uttara,Dhaka,ঢাকা
Dohar,Dhaka,ঢাকা
none,Dinajpur ,দিনাজপুর
Boalmari,Faridpur ,ফরিদপুর
Madhukhali,Faridpur ,ফরিদপুর
Feni Sadar,Feni,ফেনী
Chagalnaiya,Feni,ফেনী
Daganbhuiya,Feni,ফেনী
Parshuram,Feni,ফেনী
Sonagazi,Feni,ফেনী
Gobindaganj,Gaibandha ,গাইবান্ধা
Palashbari,Gaibandha ,গাইবান্ধা
Kaliakair,Gazipur ,গাজীপুর
none,Gopalganj ,গোপালগঞ্জ
none,Habiganj ,হবিগঞ্জ
none,Jamalpur ,জামালপুর
none,Jessore ,যশোর
Jhalokati Sadar,Jhalokati ,ঝালকাঠি
none,Jhenaidah ,ঝিনাইদহ
none,Joypurhat ,জয়পুরহাট
Khagrachari Sadar,Khagrachari,খাগড়াছড়ি
Khulna Sadar,Khulna,খুলনা
Daulatpur,Khulna,খুলনা
none,Kishoreganj ,কিশোরগঞ্জ
none,Kurigram ,কুড়িগ্রাম
none,Kushtia ,কুষ্টিয়া
Lakhsmipur Sadar,Lakshmipur,লক্ষীপুর
Ramgoti,Lakshmipur,লক্ষীপুর
none,Lalmonirhat ,লালমনিরহাট
Madaripur Sadar,Madaripur ,মাদারীপুর
Rajoir,Madaripur ,মাদারীপুর
none,Magura ,মাগুরা
Manikganj,Manikganj ,মানিকগঞ্জ
Shibalaya,Manikganj ,মানিকগঞ্জ
Juri,Moulvibazar,মৌলভীবাজার
none,Meherpur ,মেহেরপুর
Tongibari,Munshiganj ,মুন্সীগঞ্জ
Mymensingh Sadar,Mymensingh,ময়মনসিংহ
Trishal,Mymensingh,ময়মনসিংহ
none,Naogaon ,নওগাঁ
none,Narail ,নড়াইল
Kachpur,Narayangonj,নারায়ণগঞ্জ
Meghnaghat,Narayangonj,নারায়ণগঞ্জ
Mograpara,Narayangonj,নারায়ণগঞ্জ
Narayangonj City,Narayangonj,নারায়ণগঞ্জ
Siddhirganj,Narayangonj,নারায়ণগঞ্জ
Narsingdi City,Narsingdi,নরসিংদী
Madhabdi,Narsingdi,নরসিংদী
none,Natore ,নাটোর
none,Nawabganj ,নওয়াবগঞ্জ
none,Netrakona ,নেত্রকোনা
none,Nilphamari ,নীলফামারী
Begumganj,Noakhali,নোয়াখালী
Chatkhil,Noakhali,নোয়াখালী
Companiganj,Noakhali,নোয়াখালী
Kabirhat,Noakhali,নোয়াখালী
Noakhali Sadar,Noakhali,নোয়াখালী
Senbag,Noakhali,নোয়াখালী
Sonaimuri,Noakhali,নোয়াখালী
Chatmohar,Pabna ,পাবনা
Ishwardi,Pabna ,পাবনা
none,Panchagarh ,পঞ্চগড়
none,Patuakhali ,পটুয়াখালী
Pirojpur Sadar,Pirojpur ,পিরোজপুর
Rajbari Sadar,Rajbari ,রাজবাড়ী
Rajshahi Metro,Rajshahi,রাজশাহী
Charghat,Rajshahi,রাজশাহী
Rangamati Sadar,Rangamati,রাঙ্গামাটি
Rangpur Sadar,Rangpur,রংপুর
Satkhira Sadar,Satkhira ,সাতক্ষিরা
none,Shariatpur ,শরীয়তপুর
Sherpur Sadar,Sherpur ,শেরপুর
Belkuchi,Sirajganj ,সিরাজগঞ্জ
Shahjadpur,Sirajganj ,সিরাজগঞ্জ
Ullah Para,Sirajganj ,সিরাজগঞ্জ
none,Sunamganj ,সুনামগঞ্জ
Sylhet Metro,Sylhet,সিলেট
Beanibazar,Sylhet,সিলেট
Balaganj,Sylhet,সিলেট
Kalihati,Tangail ,টাঙ্গাইল
Basail,Tangail ,টাঙ্গাইল
none,Thakurgaon ,ঠাকুরগাঁ